TradeDate,Expiration,Strike,Type,OptionSymbol,DTE,OpenInterest,Volume,Bid,Mid,Ask,Last,IV,Delta,Gamma,Theta,Vega,UnderlyingPrice
2026-03-31,2026-03-31,544,call,QQQ260331C00544000,0,1,2,30.98,32.64,34.3,22.5,,,,,,577.18
2026-03-31,2026-03-31,545,call,QQQ260331C00545000,0,1547,36,30.02,31.66,33.3,32.26,,,,,,577.18
2026-03-31,2026-03-31,546,call,QQQ260331C00546000,0,5,3,28.98,30.64,32.3,31.22,,,,,,577.18
2026-03-31,2026-03-31,547,call,QQQ260331C00547000,0,7,8,27.98,29.64,31.3,30.32,,,,,,577.18
2026-03-31,2026-03-31,548,call,QQQ260331C00548000,0,48,37,26.98,28.82,30.66,29.25,,,,,,577.18
2026-03-31,2026-03-31,549,call,QQQ260331C00549000,0,33,39,26.05,27.855,29.66,28.36,,,,,,577.18
2026-03-31,2026-03-31,550,call,QQQ260331C00550000,0,2120,447,25.13,26.715,28.3,27.0,,,,,,577.18
2026-03-31,2026-03-31,551,call,QQQ260331C00551000,0,40,28,23.98,25.64,27.3,23.47,,,,,,577.18
2026-03-31,2026-03-31,552,call,QQQ260331C00552000,0,119,116,22.98,24.64,26.3,24.82,,,,,,577.18
2026-03-31,2026-03-31,553,call,QQQ260331C00553000,0,547,103,22.13,23.715,25.3,24.21,,,,,,577.18
2026-03-31,2026-03-31,554,call,QQQ260331C00554000,0,211,195,20.98,22.64,24.3,23.21,,,,,,577.18
2026-03-31,2026-03-31,555,call,QQQ260331C00555000,0,1179,1005,19.98,21.64,23.3,22.21,,,,,,577.18
2026-03-31,2026-03-31,556,call,QQQ260331C00556000,0,1109,742,18.98,20.64,22.3,21.24,,,,,,577.18
2026-03-31,2026-03-31,557,call,QQQ260331C00557000,0,2545,1104,18.11,19.705,21.3,20.29,,,,,,577.18
2026-03-31,2026-03-31,558,call,QQQ260331C00558000,0,3963,2149,17.05,18.675,20.3,19.17,,,,,,577.18
2026-03-31,2026-03-31,559,call,QQQ260331C00559000,0,2938,1806,16.14,16.95,17.76,17.29,,,,,,577.18
2026-03-31,2026-03-31,560,call,QQQ260331C00560000,0,5792,6441,15.15,16.255,17.36,16.21,,,,,,577.18
2026-03-31,2026-03-31,561,call,QQQ260331C00561000,0,3223,4417,14.13,15.87,17.61,16.21,,,,,,577.18
2026-03-31,2026-03-31,562,call,QQQ260331C00562000,0,3538,4904,13.12,14.865,16.61,15.45,,,,,,577.18
2026-03-31,2026-03-31,563,call,QQQ260331C00563000,0,5889,6106,12.13,13.72,15.31,13.41,,,,,,577.18
2026-03-31,2026-03-31,564,call,QQQ260331C00564000,0,6105,13539,10.99,12.645,14.3,12.3,,,,,,577.18
2026-03-31,2026-03-31,565,call,QQQ260331C00565000,0,9298,53326,10.85,11.595,12.34,11.23,,,,,,577.18
2026-03-31,2026-03-31,566,call,QQQ260331C00566000,0,5684,92436,9.83,10.425,11.02,10.28,,,,,,577.18
2026-03-31,2026-03-31,567,call,QQQ260331C00567000,0,3086,123161,9.14,9.695,10.25,9.38,,,,,,577.18
2026-03-31,2026-03-31,568,call,QQQ260331C00568000,0,6283,158843,8.44,8.72,9.0,8.6,,,,,,577.18
2026-03-31,2026-03-31,569,call,QQQ260331C00569000,0,6878,136666,7.42,7.67,7.92,7.25,,,,,,577.18
2026-03-31,2026-03-31,570,call,QQQ260331C00570000,0,16448,175797,6.0,6.5,7.0,6.5,,,,,,577.18
2026-03-31,2026-03-31,571,call,QQQ260331C00571000,0,4403,84430,5.4,5.685,5.97,5.45,,,,,,577.18
2026-03-31,2026-03-31,572,call,QQQ260331C00572000,0,6029,93094,4.42,5.02,5.62,4.75,,,,,,577.18
2026-03-31,2026-03-31,573,call,QQQ260331C00573000,0,9093,74820,3.42,4.295,5.17,3.4,,,,,,577.18
2026-03-31,2026-03-31,574,call,QQQ260331C00574000,0,2439,88396,2.42,2.635,2.85,2.62,,,,,,577.18
2026-03-31,2026-03-31,575,call,QQQ260331C00575000,0,15381,177545,1.54,1.615,1.69,1.58,,,,,,577.18
2026-03-31,2026-03-31,576,call,QQQ260331C00576000,0,2243,167923,0.7,0.735,0.77,0.73,,,,,,577.18
2026-03-31,2026-03-31,577,call,QQQ260331C00577000,0,9805,118424,0.19,0.205,0.22,0.21,,,,,,577.18
2026-03-31,2026-03-31,578,call,QQQ260331C00578000,0,2130,89863,0.06,0.065,0.07,0.06,,,,,,577.18
2026-03-31,2026-03-31,579,call,QQQ260331C00579000,0,1162,51153,0.02,0.025,0.03,0.02,,,,,,577.18
2026-03-31,2026-03-31,580,call,QQQ260331C00580000,0,6484,75927,0.01,0.015,0.02,0.01,,,,,,577.18
2026-03-31,2026-03-31,581,call,QQQ260331C00581000,0,1091,30504,0.01,0.015,0.02,0.02,,,,,,577.18
2026-03-31,2026-03-31,582,call,QQQ260331C00582000,0,1216,14442,0.0,0.005,0.01,0.01,,,,,,577.18
2026-03-31,2026-03-31,583,call,QQQ260331C00583000,0,902,8149,0.01,0.015,0.02,0.01,,,,,,577.18
2026-03-31,2026-03-31,584,call,QQQ260331C00584000,0,1184,10251,0.0,0.005,0.01,0.01,,,,,,577.18
2026-03-31,2026-03-31,585,call,QQQ260331C00585000,0,2363,9737,0.0,0.005,0.01,0.01,,,,,,577.18
2026-03-31,2026-03-31,586,call,QQQ260331C00586000,0,778,9312,0.0,0.005,0.01,0.01,,,,,,577.18
2026-03-31,2026-03-31,587,call,QQQ260331C00587000,0,950,5107,0.0,0.005,0.01,0.01,,,,,,577.18
2026-03-31,2026-03-31,588,call,QQQ260331C00588000,0,1130,11686,0.0,0.005,0.01,0.01,,,,,,577.18
2026-03-31,2026-03-31,589,call,QQQ260331C00589000,0,898,5499,0.0,0.005,0.01,0.01,,,,,,577.18
2026-03-31,2026-03-31,590,call,QQQ260331C00590000,0,6880,11621,0.0,0.005,0.01,0.01,,,,,,577.18
2026-03-31,2026-03-31,591,call,QQQ260331C00591000,0,1533,7215,0.0,0.005,0.01,0.01,,,,,,577.18
2026-03-31,2026-03-31,592,call,QQQ260331C00592000,0,32153,4131,0.0,0.005,0.01,0.01,,,,,,577.18
2026-03-31,2026-03-31,593,call,QQQ260331C00593000,0,34519,2749,0.0,0.005,0.01,0.01,,,,,,577.18
2026-03-31,2026-03-31,594,call,QQQ260331C00594000,0,1676,1134,0.0,0.005,0.01,0.01,,,,,,577.18
2026-03-31,2026-03-31,595,call,QQQ260331C00595000,0,4243,289,0.0,0.005,0.01,0.01,,,,,,577.18
2026-03-31,2026-03-31,596,call,QQQ260331C00596000,0,1387,2167,0.0,0.005,0.01,0.01,,,,,,577.18
2026-03-31,2026-03-31,597,call,QQQ260331C00597000,0,1143,333,0.0,0.005,0.01,0.01,,,,,,577.18
2026-03-31,2026-03-31,598,call,QQQ260331C00598000,0,925,276,0.0,0.005,0.01,0.01,,,,,,577.18
2026-03-31,2026-03-31,599,call,QQQ260331C00599000,0,745,107,0.0,0.005,0.01,0.01,,,,,,577.18
2026-03-31,2026-03-31,600,call,QQQ260331C00600000,0,10733,553,0.0,0.005,0.01,0.01,,,,,,577.18
2026-03-31,2026-03-31,601,call,QQQ260331C00601000,0,1730,12,0.0,0.005,0.01,0.01,,,,,,577.18
2026-03-31,2026-03-31,602,call,QQQ260331C00602000,0,3703,6,0.0,0.005,0.01,0.01,,,,,,577.18
2026-03-31,2026-03-31,603,call,QQQ260331C00603000,0,1851,59,0.0,0.005,0.01,0.01,,,,,,577.18
2026-03-31,2026-03-31,604,call,QQQ260331C00604000,0,3590,11,0.0,0.005,0.01,0.01,,,,,,577.18
2026-03-31,2026-03-31,605,call,QQQ260331C00605000,0,4702,53,0.0,0.005,0.01,0.01,,,,,,577.18
2026-03-31,2026-03-31,606,call,QQQ260331C00606000,0,2806,14,0.0,0.005,0.01,0.01,,,,,,577.18
2026-03-31,2026-03-31,607,call,QQQ260331C00607000,0,1585,9,0.0,0.005,0.01,0.01,,,,,,577.18
2026-03-31,2026-03-31,608,call,QQQ260331C00608000,0,923,7,0.0,0.005,0.01,0.01,,,,,,577.18
2026-03-31,2026-03-31,609,call,QQQ260331C00609000,0,1504,1,0.0,0.005,0.01,0.01,,,,,,577.18
2026-03-31,2026-03-31,610,call,QQQ260331C00610000,0,38263,53,0.0,0.005,0.01,0.01,,,,,,577.18
2026-03-31,2026-03-31,544,put,QQQ260331P00544000,0,1820,2877,0.0,0.005,0.01,0.11,,,,,,577.18
2026-03-31,2026-03-31,545,put,QQQ260331P00545000,0,12422,3659,0.0,0.005,0.01,0.01,,,,,,577.18
2026-03-31,2026-03-31,546,put,QQQ260331P00546000,0,3719,3128,0.0,0.005,0.01,0.01,,,,,,577.18
2026-03-31,2026-03-31,547,put,QQQ260331P00547000,0,12099,4609,0.0,0.005,0.01,0.01,,,,,,577.18
2026-03-31,2026-03-31,548,put,QQQ260331P00548000,0,3238,6011,0.0,0.005,0.01,0.01,,,,,,577.18
2026-03-31,2026-03-31,549,put,QQQ260331P00549000,0,4296,4182,0.0,0.005,0.01,0.01,,,,,,577.18
2026-03-31,2026-03-31,550,put,QQQ260331P00550000,0,12468,10688,0.0,0.005,0.01,0.01,,,,,,577.18
2026-03-31,2026-03-31,551,put,QQQ260331P00551000,0,6770,6953,0.0,0.005,0.01,0.01,,,,,,577.18
2026-03-31,2026-03-31,552,put,QQQ260331P00552000,0,2909,5730,0.0,0.005,0.01,0.01,,,,,,577.18
2026-03-31,2026-03-31,553,put,QQQ260331P00553000,0,2724,10310,0.0,0.005,0.01,0.01,,,,,,577.18
2026-03-31,2026-03-31,554,put,QQQ260331P00554000,0,2790,9343,0.0,0.005,0.01,0.01,,,,,,577.18
2026-03-31,2026-03-31,555,put,QQQ260331P00555000,0,18926,34277,0.0,0.005,0.01,0.01,,,,,,577.18
2026-03-31,2026-03-31,556,put,QQQ260331P00556000,0,4153,15764,0.0,0.005,0.01,0.01,,,,,,577.18
2026-03-31,2026-03-31,557,put,QQQ260331P00557000,0,4673,46323,0.01,0.015,0.02,0.01,,,,,,577.18
2026-03-31,2026-03-31,558,put,QQQ260331P00558000,0,6795,55911,0.01,0.015,0.02,0.01,,,,,,577.18
2026-03-31,2026-03-31,559,put,QQQ260331P00559000,0,3299,27731,0.0,0.005,0.01,0.01,,,,,,577.18
2026-03-31,2026-03-31,560,put,QQQ260331P00560000,0,13823,105963,0.0,0.005,0.01,0.01,,,,,,577.18
2026-03-31,2026-03-31,561,put,QQQ260331P00561000,0,2638,61350,0.01,0.015,0.02,0.01,,,,,,577.18
2026-03-31,2026-03-31,562,put,QQQ260331P00562000,0,3658,95533,0.0,0.005,0.01,0.01,,,,,,577.18
2026-03-31,2026-03-31,563,put,QQQ260331P00563000,0,4782,104393,0.0,0.005,0.01,0.01,,,,,,577.18
2026-03-31,2026-03-31,564,put,QQQ260331P00564000,0,2956,187412,0.0,0.005,0.01,0.01,,,,,,577.18
2026-03-31,2026-03-31,565,put,QQQ260331P00565000,0,4633,291878,0.0,0.005,0.01,0.01,,,,,,577.18
2026-03-31,2026-03-31,566,put,QQQ260331P00566000,0,1787,248787,0.0,0.005,0.01,0.01,,,,,,577.18
2026-03-31,2026-03-31,567,put,QQQ260331P00567000,0,1985,237515,0.0,0.005,0.01,0.01,,,,,,577.18
2026-03-31,2026-03-31,568,put,QQQ260331P00568000,0,1958,225515,0.0,0.005,0.01,0.01,,,,,,577.18
2026-03-31,2026-03-31,569,put,QQQ260331P00569000,0,1778,108125,0.0,0.005,0.01,0.01,,,,,,577.18
2026-03-31,2026-03-31,570,put,QQQ260331P00570000,0,15556,135280,0.0,0.005,0.01,0.01,,,,,,577.18
2026-03-31,2026-03-31,571,put,QQQ260331P00571000,0,965,65098,0.0,0.005,0.01,0.02,,,,,,577.18
2026-03-31,2026-03-31,572,put,QQQ260331P00572000,0,708,104796,0.0,0.005,0.01,0.02,,,,,,577.18
2026-03-31,2026-03-31,573,put,QQQ260331P00573000,0,417,139776,0.01,0.015,0.02,0.01,,,,,,577.18
2026-03-31,2026-03-31,574,put,QQQ260331P00574000,0,773,165293,0.02,0.025,0.03,0.02,,,,,,577.18
2026-03-31,2026-03-31,575,put,QQQ260331P00575000,0,9115,181856,0.03,0.035,0.04,0.03,,,,,,577.18
2026-03-31,2026-03-31,576,put,QQQ260331P00576000,0,381,120582,0.15,0.165,0.18,0.14,,,,,,577.18
2026-03-31,2026-03-31,577,put,QQQ260331P00577000,0,1921,52591,0.58,0.62,0.66,0.58,,,,,,577.18
2026-03-31,2026-03-31,578,put,QQQ260331P00578000,0,480,18279,1.33,1.515,1.7,1.54,,,,,,577.18
2026-03-31,2026-03-31,579,put,QQQ260331P00579000,0,557,4786,2.19,2.455,2.72,2.52,,,,,,577.18
2026-03-31,2026-03-31,580,put,QQQ260331P00580000,0,8374,4490,3.19,3.475,3.76,3.75,,,,,,577.18
2026-03-31,2026-03-31,581,put,QQQ260331P00581000,0,890,1061,3.25,4.55,5.85,3.8,,,,,,577.18
2026-03-31,2026-03-31,582,put,QQQ260331P00582000,0,633,445,3.7,5.285,6.87,5.69,,,,,,577.18
2026-03-31,2026-03-31,583,put,QQQ260331P00583000,0,624,276,4.7,6.235,7.77,6.2,,,,,,577.18
2026-03-31,2026-03-31,584,put,QQQ260331P00584000,0,57,68,5.7,7.365,9.03,7.41,,,,,,577.18
2026-03-31,2026-03-31,585,put,QQQ260331P00585000,0,763,193,6.7,8.235,9.77,7.79,,,,,,577.18
2026-03-31,2026-03-31,586,put,QQQ260331P00586000,0,76,9,7.7,9.365,11.03,11.05,,,,,,577.18
2026-03-31,2026-03-31,587,put,QQQ260331P00587000,0,38,22,8.33,10.075,11.82,9.79,,,,,,577.18
2026-03-31,2026-03-31,588,put,QQQ260331P00588000,0,29,106,9.7,11.34,12.98,10.79,,,,,,577.18
2026-03-31,2026-03-31,589,put,QQQ260331P00589000,0,9,2,10.34,12.075,13.81,11.79,,,,,,577.18
2026-03-31,2026-03-31,590,put,QQQ260331P00590000,0,4501,397,11.7,13.36,15.02,12.9,,,,,,577.18
2026-03-31,2026-03-31,591,put,QQQ260331P00591000,0,29,25,12.7,14.36,16.02,13.79,,,,,,577.18
2026-03-31,2026-03-31,592,put,QQQ260331P00592000,0,25,29,13.7,15.36,17.02,14.79,,,,,,577.18
2026-03-31,2026-03-31,593,put,QQQ260331P00593000,0,1,36,14.57,16.295,18.02,16.03,,,,,,577.18
2026-03-31,2026-03-31,594,put,QQQ260331P00594000,0,36,8,15.7,17.25,18.8,16.79,,,,,,577.18
2026-03-31,2026-03-31,595,put,QQQ260331P00595000,0,6376,56,16.7,17.85,19.0,17.79,,,,,,577.18
2026-03-31,2026-03-31,596,put,QQQ260331P00596000,0,35,33,17.57,19.195,20.82,19.03,,,,,,577.18
2026-03-31,2026-03-31,597,put,QQQ260331P00597000,0,1,2,18.7,20.235,21.77,19.79,,,,,,577.18
2026-03-31,2026-03-31,598,put,QQQ260331P00598000,0,9,30,19.7,21.235,22.77,20.79,,,,,,577.18
2026-03-31,2026-03-31,599,put,QQQ260331P00599000,0,5,5,20.7,22.285,23.87,21.79,,,,,,577.18
2026-03-31,2026-03-31,600,put,QQQ260331P00600000,0,793,449,21.7,23.285,24.87,22.79,,,,,,577.18
2026-03-31,2026-03-31,601,put,QQQ260331P00601000,0,1,2,22.7,24.355,26.01,23.79,,,,,,577.18
2026-03-31,2026-03-31,602,put,QQQ260331P00602000,0,5,7,23.7,25.305,26.91,24.32,,,,,,577.18
2026-03-31,2026-03-31,603,put,QQQ260331P00603000,0,5,10,24.7,26.355,28.01,26.86,,,,,,577.18
2026-03-31,2026-03-31,604,put,QQQ260331P00604000,0,0,11,25.7,27.23,28.76,28.22,,,,,,577.18
2026-03-31,2026-03-31,605,put,QQQ260331P00605000,0,1122,50,26.7,28.295,29.89,28.23,,,,,,577.18
2026-03-31,2026-03-31,606,put,QQQ260331P00606000,0,0,0,27.7,29.355,31.01,41.2,,,,,,577.18
2026-03-31,2026-03-31,607,put,QQQ260331P00607000,0,11,11,28.7,30.355,32.01,39.42,,,,,,577.18
2026-03-31,2026-03-31,608,put,QQQ260331P00608000,0,8,1,29.7,31.355,33.01,39.84,,,,,,577.18
2026-03-31,2026-03-31,609,put,QQQ260331P00609000,0,3,7,30.7,32.355,34.01,31.6,,,,,,577.18
2026-03-31,2026-03-31,610,put,QQQ260331P00610000,0,14,12,31.7,33.355,35.01,32.86,,,,,,577.18
2026-03-31,2026-04-01,544,call,QQQ260401C00544000,1,1,0,31.27,32.915,34.56,14.92,,,,,,577.18
2026-03-31,2026-04-01,545,call,QQQ260401C00545000,1,6,14,30.13,31.745,33.36,33.5,,,,,,577.18
2026-03-31,2026-04-01,546,call,QQQ260401C00546000,1,1,1,29.13,30.745,32.36,19.86,,,,,,577.18
2026-03-31,2026-04-01,547,call,QQQ260401C00547000,1,1,0,28.07,29.82,31.57,16.48,,,,,,577.18
2026-03-31,2026-04-01,548,call,QQQ260401C00548000,1,91,90,27.14,28.69,30.24,18.5,,,,,,577.18
2026-03-31,2026-04-01,549,call,QQQ260401C00549000,1,1,2,26.14,27.755,29.37,24.3,,,,,,577.18
2026-03-31,2026-04-01,550,call,QQQ260401C00550000,1,213,609,25.29,26.735,28.18,27.68,,,,,,577.18
2026-03-31,2026-04-01,551,call,QQQ260401C00551000,1,19,10,24.15,25.79,27.43,15.47,,,,,,577.18
2026-03-31,2026-04-01,552,call,QQQ260401C00552000,1,50,2,23.09,24.64,26.19,15.34,,,,,,577.18
2026-03-31,2026-04-01,553,call,QQQ260401C00553000,1,71,24,22.09,23.645,25.2,13.89,,,,,,577.18
2026-03-31,2026-04-01,554,call,QQQ260401C00554000,1,202,89,21.32,22.86,24.4,18.42,,,,,,577.18
2026-03-31,2026-04-01,555,call,QQQ260401C00555000,1,824,1168,20.22,21.72,23.22,22.05,,,,,,577.18
2026-03-31,2026-04-01,556,call,QQQ260401C00556000,1,442,305,19.18,20.8,22.42,19.88,,,,,,577.18
2026-03-31,2026-04-01,557,call,QQQ260401C00557000,1,690,639,18.2,19.815,21.43,20.13,,,,,,577.18
2026-03-31,2026-04-01,558,call,QQQ260401C00558000,1,493,412,17.21,18.83,20.45,19.25,,,,,,577.18
2026-03-31,2026-04-01,559,call,QQQ260401C00559000,1,1039,756,16.37,17.925,19.48,17.33,,,,,,577.18
2026-03-31,2026-04-01,560,call,QQQ260401C00560000,1,1054,1505,15.41,16.31,17.21,16.35,,,,,,577.18
2026-03-31,2026-04-01,561,call,QQQ260401C00561000,1,813,658,14.52,15.935,17.35,17.14,,,,,,577.18
2026-03-31,2026-04-01,562,call,QQQ260401C00562000,1,634,1015,13.47,15.005,16.54,15.5,,,,,,577.18
2026-03-31,2026-04-01,563,call,QQQ260401C00563000,1,756,1607,12.85,14.145,15.44,13.6,,,,,,577.18
2026-03-31,2026-04-01,564,call,QQQ260401C00564000,1,1031,4880,12.65,13.23,13.81,13.19,,,,,,577.18
2026-03-31,2026-04-01,565,call,QQQ260401C00565000,1,3326,11707,11.59,11.87,12.15,11.82,,,,,,577.18
2026-03-31,2026-04-01,566,call,QQQ260401C00566000,1,734,8891,9.57,11.035,12.5,11.2,,,,,,577.18
2026-03-31,2026-04-01,567,call,QQQ260401C00567000,1,725,14948,9.43,10.365,11.3,10.36,,,,,,577.18
2026-03-31,2026-04-01,568,call,QQQ260401C00568000,1,1109,26290,9.01,9.69,10.37,9.72,,,,,,577.18
2026-03-31,2026-04-01,569,call,QQQ260401C00569000,1,735,12867,8.01,8.305,8.6,8.28,,,,,,577.18
2026-03-31,2026-04-01,570,call,QQQ260401C00570000,1,4308,64951,7.52,7.715,7.91,7.7,,,,,,577.18
2026-03-31,2026-04-01,571,call,QQQ260401C00571000,1,872,9743,6.73,6.94,7.15,6.83,,,,,,577.18
2026-03-31,2026-04-01,572,call,QQQ260401C00572000,1,842,10307,5.53,6.14,6.75,6.08,,,,,,577.18
2026-03-31,2026-04-01,573,call,QQQ260401C00573000,1,798,15642,5.36,5.395,5.43,5.19,,,,,,577.18
2026-03-31,2026-04-01,574,call,QQQ260401C00574000,1,1460,29307,4.68,4.71,4.74,4.47,,,,,,577.18
2026-03-31,2026-04-01,575,call,QQQ260401C00575000,1,2911,27988,4.03,4.05,4.07,4.0,,,,,,577.18
2026-03-31,2026-04-01,576,call,QQQ260401C00576000,1,457,20989,3.43,3.45,3.47,3.29,,,,,,577.18
2026-03-31,2026-04-01,577,call,QQQ260401C00577000,1,1132,19434,2.87,2.885,2.9,2.9,,,,,,577.18
2026-03-31,2026-04-01,578,call,QQQ260401C00578000,1,1002,23543,2.36,2.38,2.4,2.36,,,,,,577.18
2026-03-31,2026-04-01,579,call,QQQ260401C00579000,1,1840,18801,1.91,1.93,1.95,1.83,,,,,,577.18
2026-03-31,2026-04-01,580,call,QQQ260401C00580000,1,2136,24264,1.53,1.545,1.56,1.53,,,,,,577.18
2026-03-31,2026-04-01,581,call,QQQ260401C00581000,1,736,10379,1.21,1.225,1.24,1.18,,,,,,577.18
2026-03-31,2026-04-01,582,call,QQQ260401C00582000,1,823,19367,0.93,0.945,0.96,0.94,,,,,,577.18
2026-03-31,2026-04-01,583,call,QQQ260401C00583000,1,650,11433,0.71,0.715,0.72,0.72,,,,,,577.18
2026-03-31,2026-04-01,584,call,QQQ260401C00584000,1,647,13350,0.52,0.535,0.55,0.55,,,,,,577.18
2026-03-31,2026-04-01,585,call,QQQ260401C00585000,1,1259,11761,0.37,0.38,0.39,0.38,,,,,,577.18
2026-03-31,2026-04-01,586,call,QQQ260401C00586000,1,448,9965,0.27,0.28,0.29,0.27,,,,,,577.18
2026-03-31,2026-04-01,587,call,QQQ260401C00587000,1,1234,7650,0.19,0.2,0.21,0.2,,,,,,577.18
2026-03-31,2026-04-01,588,call,QQQ260401C00588000,1,550,5401,0.14,0.145,0.15,0.14,,,,,,577.18
2026-03-31,2026-04-01,589,call,QQQ260401C00589000,1,518,3432,0.1,0.105,0.11,0.1,,,,,,577.18
2026-03-31,2026-04-01,590,call,QQQ260401C00590000,1,1739,6468,0.08,0.085,0.09,0.08,,,,,,577.18
2026-03-31,2026-04-01,591,call,QQQ260401C00591000,1,2541,3018,0.06,0.065,0.07,0.05,,,,,,577.18
2026-03-31,2026-04-01,592,call,QQQ260401C00592000,1,794,1564,0.04,0.045,0.05,0.04,,,,,,577.18
2026-03-31,2026-04-01,593,call,QQQ260401C00593000,1,539,1339,0.03,0.035,0.04,0.03,,,,,,577.18
2026-03-31,2026-04-01,594,call,QQQ260401C00594000,1,440,1148,0.02,0.03,0.04,0.03,,,,,,577.18
2026-03-31,2026-04-01,595,call,QQQ260401C00595000,1,1575,3096,0.02,0.025,0.03,0.02,,,,,,577.18
2026-03-31,2026-04-01,596,call,QQQ260401C00596000,1,906,1452,0.01,0.02,0.03,0.02,,,,,,577.18
2026-03-31,2026-04-01,597,call,QQQ260401C00597000,1,309,322,0.01,0.015,0.02,0.02,,,,,,577.18
2026-03-31,2026-04-01,598,call,QQQ260401C00598000,1,369,406,0.01,0.015,0.02,0.03,,,,,,577.18
2026-03-31,2026-04-01,599,call,QQQ260401C00599000,1,414,1409,0.01,0.015,0.02,0.03,,,,,,577.18
2026-03-31,2026-04-01,600,call,QQQ260401C00600000,1,1579,2015,0.01,0.015,0.02,0.02,,,,,,577.18
2026-03-31,2026-04-01,601,call,QQQ260401C00601000,1,777,175,0.01,0.015,0.02,0.03,,,,,,577.18
2026-03-31,2026-04-01,602,call,QQQ260401C00602000,1,518,449,0.01,0.015,0.02,0.01,,,,,,577.18
2026-03-31,2026-04-01,603,call,QQQ260401C00603000,1,417,755,0.0,0.005,0.01,0.03,,,,,,577.18
2026-03-31,2026-04-01,604,call,QQQ260401C00604000,1,343,700,0.01,0.015,0.02,0.01,,,,,,577.18
2026-03-31,2026-04-01,605,call,QQQ260401C00605000,1,2836,835,0.0,0.005,0.01,0.01,,,,,,577.18
2026-03-31,2026-04-01,606,call,QQQ260401C00606000,1,637,382,0.0,0.005,0.01,0.01,,,,,,577.18
2026-03-31,2026-04-01,607,call,QQQ260401C00607000,1,680,280,0.0,0.005,0.01,0.02,,,,,,577.18
2026-03-31,2026-04-01,608,call,QQQ260401C00608000,1,580,394,0.0,0.005,0.01,0.01,,,,,,577.18
2026-03-31,2026-04-01,609,call,QQQ260401C00609000,1,447,1045,0.0,0.005,0.01,0.01,,,,,,577.18
2026-03-31,2026-04-01,610,call,QQQ260401C00610000,1,737,1508,0.0,0.005,0.01,0.01,,,,,,577.18
2026-03-31,2026-04-01,544,put,QQQ260401P00544000,1,376,436,0.02,0.025,0.03,0.03,,,,,,577.18
2026-03-31,2026-04-01,545,put,QQQ260401P00545000,1,5252,1867,0.02,0.025,0.03,0.02,,,,,,577.18
2026-03-31,2026-04-01,546,put,QQQ260401P00546000,1,1264,2797,0.02,0.025,0.03,0.04,,,,,,577.18
2026-03-31,2026-04-01,547,put,QQQ260401P00547000,1,436,1827,0.03,0.035,0.04,0.03,,,,,,577.18
2026-03-31,2026-04-01,548,put,QQQ260401P00548000,1,602,2110,0.03,0.035,0.04,0.04,,,,,,577.18
2026-03-31,2026-04-01,549,put,QQQ260401P00549000,1,665,2152,0.03,0.035,0.04,0.04,,,,,,577.18
2026-03-31,2026-04-01,550,put,QQQ260401P00550000,1,5405,4992,0.03,0.035,0.04,0.04,,,,,,577.18
2026-03-31,2026-04-01,551,put,QQQ260401P00551000,1,1667,7242,0.03,0.035,0.04,0.04,,,,,,577.18
2026-03-31,2026-04-01,552,put,QQQ260401P00552000,1,414,2462,0.04,0.045,0.05,0.04,,,,,,577.18
2026-03-31,2026-04-01,553,put,QQQ260401P00553000,1,1266,2665,0.04,0.045,0.05,0.05,,,,,,577.18
2026-03-31,2026-04-01,554,put,QQQ260401P00554000,1,1108,2667,0.05,0.055,0.06,0.05,,,,,,577.18
2026-03-31,2026-04-01,555,put,QQQ260401P00555000,1,1371,7376,0.06,0.065,0.07,0.07,,,,,,577.18
2026-03-31,2026-04-01,556,put,QQQ260401P00556000,1,1222,8048,0.07,0.075,0.08,0.08,,,,,,577.18
2026-03-31,2026-04-01,557,put,QQQ260401P00557000,1,1117,30106,0.08,0.085,0.09,0.08,,,,,,577.18
2026-03-31,2026-04-01,558,put,QQQ260401P00558000,1,767,6523,0.1,0.105,0.11,0.1,,,,,,577.18
2026-03-31,2026-04-01,559,put,QQQ260401P00559000,1,1042,6421,0.11,0.115,0.12,0.12,,,,,,577.18
2026-03-31,2026-04-01,560,put,QQQ260401P00560000,1,2490,49353,0.14,0.145,0.15,0.15,,,,,,577.18
2026-03-31,2026-04-01,561,put,QQQ260401P00561000,1,913,9717,0.17,0.175,0.18,0.18,,,,,,577.18
2026-03-31,2026-04-01,562,put,QQQ260401P00562000,1,797,25848,0.21,0.215,0.22,0.22,,,,,,577.18
2026-03-31,2026-04-01,563,put,QQQ260401P00563000,1,697,16304,0.26,0.265,0.27,0.3,,,,,,577.18
2026-03-31,2026-04-01,564,put,QQQ260401P00564000,1,733,25076,0.32,0.325,0.33,0.32,,,,,,577.18
2026-03-31,2026-04-01,565,put,QQQ260401P00565000,1,2607,40433,0.39,0.395,0.4,0.41,,,,,,577.18
2026-03-31,2026-04-01,566,put,QQQ260401P00566000,1,716,52849,0.48,0.485,0.49,0.5,,,,,,577.18
2026-03-31,2026-04-01,567,put,QQQ260401P00567000,1,782,34054,0.58,0.59,0.6,0.57,,,,,,577.18
2026-03-31,2026-04-01,568,put,QQQ260401P00568000,1,816,35700,0.69,0.705,0.72,0.72,,,,,,577.18
2026-03-31,2026-04-01,569,put,QQQ260401P00569000,1,437,21679,0.85,0.86,0.87,0.9,,,,,,577.18
2026-03-31,2026-04-01,570,put,QQQ260401P00570000,1,1081,32918,1.02,1.03,1.04,1.03,,,,,,577.18
2026-03-31,2026-04-01,571,put,QQQ260401P00571000,1,211,9784,1.22,1.23,1.24,1.25,,,,,,577.18
2026-03-31,2026-04-01,572,put,QQQ260401P00572000,1,277,12495,1.45,1.465,1.48,1.48,,,,,,577.18
2026-03-31,2026-04-01,573,put,QQQ260401P00573000,1,515,18024,1.72,1.735,1.75,1.84,,,,,,577.18
2026-03-31,2026-04-01,574,put,QQQ260401P00574000,1,647,23605,2.02,2.05,2.08,2.08,,,,,,577.18
2026-03-31,2026-04-01,575,put,QQQ260401P00575000,1,597,25720,2.38,2.395,2.41,2.39,,,,,,577.18
2026-03-31,2026-04-01,576,put,QQQ260401P00576000,1,165,18459,2.76,2.78,2.8,2.78,,,,,,577.18
2026-03-31,2026-04-01,577,put,QQQ260401P00577000,1,286,13460,3.21,3.235,3.26,3.32,,,,,,577.18
2026-03-31,2026-04-01,578,put,QQQ260401P00578000,1,138,6502,3.69,3.715,3.74,4.0,,,,,,577.18
2026-03-31,2026-04-01,579,put,QQQ260401P00579000,1,238,3768,4.24,4.28,4.32,4.43,,,,,,577.18
2026-03-31,2026-04-01,580,put,QQQ260401P00580000,1,1096,4644,4.86,4.895,4.93,5.2,,,,,,577.18
2026-03-31,2026-04-01,581,put,QQQ260401P00581000,1,185,290,4.8,5.3,5.8,5.34,,,,,,577.18
2026-03-31,2026-04-01,582,put,QQQ260401P00582000,1,305,574,4.99,6.185,7.38,6.01,,,,,,577.18
2026-03-31,2026-04-01,583,put,QQQ260401P00583000,1,351,175,5.74,6.945,8.15,6.27,,,,,,577.18
2026-03-31,2026-04-01,584,put,QQQ260401P00584000,1,242,458,7.04,7.765,8.49,8.08,,,,,,577.18
2026-03-31,2026-04-01,585,put,QQQ260401P00585000,1,2374,431,7.75,8.525,9.3,9.1,,,,,,577.18
2026-03-31,2026-04-01,586,put,QQQ260401P00586000,1,101,27,8.09,8.945,9.8,9.5,,,,,,577.18
2026-03-31,2026-04-01,587,put,QQQ260401P00587000,1,148,18,9.09,10.68,12.27,9.35,,,,,,577.18
2026-03-31,2026-04-01,588,put,QQQ260401P00588000,1,60,7,10.02,11.51,13.0,13.0,,,,,,577.18
2026-03-31,2026-04-01,589,put,QQQ260401P00589000,1,22,19,11.03,12.55,14.07,12.0,,,,,,577.18
2026-03-31,2026-04-01,590,put,QQQ260401P00590000,1,61,204,11.96,12.98,14.0,13.5,,,,,,577.18
2026-03-31,2026-04-01,591,put,QQQ260401P00591000,1,1,12,12.98,14.42,15.86,14.8,,,,,,577.18
2026-03-31,2026-04-01,592,put,QQQ260401P00592000,1,0,9,13.98,15.42,16.86,14.9,,,,,,577.18
2026-03-31,2026-04-01,593,put,QQQ260401P00593000,1,0,116,14.94,16.49,18.04,15.75,,,,,,577.18
2026-03-31,2026-04-01,594,put,QQQ260401P00594000,1,0,6,15.99,17.44,18.89,16.5,,,,,,577.18
2026-03-31,2026-04-01,595,put,QQQ260401P00595000,1,37,19,16.95,18.485,20.02,17.5,,,,,,577.18
2026-03-31,2026-04-01,596,put,QQQ260401P00596000,1,0,1,18.1,19.56,21.02,17.85,,,,,,577.18
2026-03-31,2026-04-01,597,put,QQQ260401P00597000,1,0,2,18.95,20.415,21.88,20.31,,,,,,577.18
2026-03-31,2026-04-01,598,put,QQQ260401P00598000,1,2,0,20.15,21.46,22.77,35.1,,,,,,577.18
2026-03-31,2026-04-01,599,put,QQQ260401P00599000,1,0,0,21.01,22.38,23.75,42.68,,,,,,577.18
2026-03-31,2026-04-01,600,put,QQQ260401P00600000,1,18,121,22.18,23.09,24.0,23.45,,,,,,577.18
2026-03-31,2026-04-01,601,put,QQQ260401P00601000,1,0,0,23.28,24.575,25.87,33.71,,,,,,577.18
2026-03-31,2026-04-01,602,put,QQQ260401P00602000,1,0,0,24.2,25.475,26.75,45.79,,,,,,577.18
2026-03-31,2026-04-01,603,put,QQQ260401P00603000,1,0,0,25.27,26.64,28.01,40.8,,,,,,577.18
2026-03-31,2026-04-01,604,put,QQQ260401P00604000,1,0,0,26.2,27.49,28.78,41.5,,,,,,577.18
2026-03-31,2026-04-01,605,put,QQQ260401P00605000,1,0,13,27.27,28.64,30.01,30.16,,,,,,577.18
2026-03-31,2026-04-01,606,put,QQQ260401P00606000,1,10,10,27.7,29.23,30.76,30.19,,,,,,577.18
2026-03-31,2026-04-01,607,put,QQQ260401P00607000,1,0,0,28.7,30.225,31.75,24.03,,,,,,577.18
2026-03-31,2026-04-01,608,put,QQQ260401P00608000,1,0,0,29.7,31.23,32.76,38.5,,,,,,577.18
2026-03-31,2026-04-01,609,put,QQQ260401P00609000,1,0,0,30.7,32.23,33.76,23.76,,,,,,577.18
2026-03-31,2026-04-01,610,put,QQQ260401P00610000,1,20,23,31.7,33.355,35.01,33.0,,,,,,577.18
2026-03-31,2026-04-02,544,call,QQQ260402C00544000,2,13,19,31.55,33.195,34.84,29.81,,,,,,577.18
2026-03-31,2026-04-02,545,call,QQQ260402C00545000,2,1115,1130,30.58,32.225,33.87,32.15,,,,,,577.18
2026-03-31,2026-04-02,546,call,QQQ260402C00546000,2,17,7,29.48,31.19,32.9,32.0,,,,,,577.18
2026-03-31,2026-04-02,547,call,QQQ260402C00547000,2,47,9,28.49,30.09,31.69,21.91,,,,,,577.18
2026-03-31,2026-04-02,548,call,QQQ260402C00548000,2,101,106,27.4,29.055,30.71,24.96,,,,,,577.18
2026-03-31,2026-04-02,549,call,QQQ260402C00549000,2,7,3,26.51,27.88,29.25,26.47,,,,,,577.18
2026-03-31,2026-04-02,550,call,QQQ260402C00550000,2,1363,165,25.83,27.055,28.28,27.5,,,,,,577.18
2026-03-31,2026-04-02,551,call,QQQ260402C00551000,2,117,8,24.59,25.95,27.31,25.02,,,,,,577.18
2026-03-31,2026-04-02,552,call,QQQ260402C00552000,2,95,4,23.9,25.0,26.1,24.25,,,,,,577.18
2026-03-31,2026-04-02,553,call,QQQ260402C00553000,2,87,23,22.99,24.165,25.34,25.53,,,,,,577.18
2026-03-31,2026-04-02,554,call,QQQ260402C00554000,2,194,35,21.78,23.095,24.41,23.35,,,,,,577.18
2026-03-31,2026-04-02,555,call,QQQ260402C00555000,2,1371,1030,21.23,22.33,23.43,22.76,,,,,,577.18
2026-03-31,2026-04-02,556,call,QQQ260402C00556000,2,611,179,19.9,21.195,22.49,21.93,,,,,,577.18
2026-03-31,2026-04-02,557,call,QQQ260402C00557000,2,382,378,19.27,20.415,21.56,20.93,,,,,,577.18
2026-03-31,2026-04-02,558,call,QQQ260402C00558000,2,569,589,18.08,19.24,20.4,19.36,,,,,,577.18
2026-03-31,2026-04-02,559,call,QQQ260402C00559000,2,1097,250,17.48,18.585,19.69,18.28,,,,,,577.18
2026-03-31,2026-04-02,560,call,QQQ260402C00560000,2,2941,3147,16.29,17.305,18.32,17.8,,,,,,577.18
2026-03-31,2026-04-02,561,call,QQQ260402C00561000,2,691,536,15.64,16.76,17.88,16.6,,,,,,577.18
2026-03-31,2026-04-02,562,call,QQQ260402C00562000,2,1319,655,14.56,15.69,16.82,16.17,,,,,,577.18
2026-03-31,2026-04-02,563,call,QQQ260402C00563000,2,1455,1891,14.49,15.08,15.67,15.15,,,,,,577.18
2026-03-31,2026-04-02,564,call,QQQ260402C00564000,2,1102,1294,12.59,13.9,15.21,15.39,,,,,,577.18
2026-03-31,2026-04-02,565,call,QQQ260402C00565000,2,7406,6916,12.9,13.25,13.6,13.29,,,,,,577.18
2026-03-31,2026-04-02,566,call,QQQ260402C00566000,2,904,3714,11.57,12.2,12.83,11.94,,,,,,577.18
2026-03-31,2026-04-02,567,call,QQQ260402C00567000,2,2694,7216,11.26,11.53,11.8,11.75,,,,,,577.18
2026-03-31,2026-04-02,568,call,QQQ260402C00568000,2,1019,5751,9.46,10.13,10.8,11.38,,,,,,577.18
2026-03-31,2026-04-02,569,call,QQQ260402C00569000,2,1791,6097,9.67,9.855,10.04,10.42,,,,,,577.18
2026-03-31,2026-04-02,570,call,QQQ260402C00570000,2,4999,48933,8.75,8.925,9.1,8.75,,,,,,577.18
2026-03-31,2026-04-02,571,call,QQQ260402C00571000,2,1383,2453,8.22,8.265,8.31,8.83,,,,,,577.18
2026-03-31,2026-04-02,572,call,QQQ260402C00572000,2,5631,10083,7.5,7.54,7.58,7.34,,,,,,577.18
2026-03-31,2026-04-02,573,call,QQQ260402C00573000,2,1571,4717,6.8,6.84,6.88,7.34,,,,,,577.18
2026-03-31,2026-04-02,574,call,QQQ260402C00574000,2,1024,5052,6.13,6.165,6.2,5.88,,,,,,577.18
2026-03-31,2026-04-02,575,call,QQQ260402C00575000,2,4070,17338,5.48,5.515,5.55,5.45,,,,,,577.18
2026-03-31,2026-04-02,576,call,QQQ260402C00576000,2,896,7587,4.88,4.915,4.95,4.67,,,,,,577.18
2026-03-31,2026-04-02,577,call,QQQ260402C00577000,2,2298,5844,4.31,4.34,4.37,4.19,,,,,,577.18
2026-03-31,2026-04-02,578,call,QQQ260402C00578000,2,1639,8659,3.77,3.8,3.83,3.7,,,,,,577.18
2026-03-31,2026-04-02,579,call,QQQ260402C00579000,2,1429,3055,3.27,3.3,3.33,3.29,,,,,,577.18
2026-03-31,2026-04-02,580,call,QQQ260402C00580000,2,6819,23732,2.81,2.835,2.86,2.82,,,,,,577.18
2026-03-31,2026-04-02,581,call,QQQ260402C00581000,2,1318,3610,2.41,2.43,2.45,2.3,,,,,,577.18
2026-03-31,2026-04-02,582,call,QQQ260402C00582000,2,1419,4556,2.02,2.045,2.07,1.96,,,,,,577.18
2026-03-31,2026-04-02,583,call,QQQ260402C00583000,2,1299,3668,1.68,1.705,1.73,1.72,,,,,,577.18
2026-03-31,2026-04-02,584,call,QQQ260402C00584000,2,2256,3699,1.39,1.415,1.44,1.49,,,,,,577.18
2026-03-31,2026-04-02,585,call,QQQ260402C00585000,2,8537,11892,1.13,1.15,1.17,1.16,,,,,,577.18
2026-03-31,2026-04-02,586,call,QQQ260402C00586000,2,1852,4512,0.91,0.93,0.95,0.9,,,,,,577.18
2026-03-31,2026-04-02,587,call,QQQ260402C00587000,2,1236,3360,0.72,0.74,0.76,0.69,,,,,,577.18
2026-03-31,2026-04-02,588,call,QQQ260402C00588000,2,1278,1912,0.57,0.585,0.6,0.58,,,,,,577.18
2026-03-31,2026-04-02,589,call,QQQ260402C00589000,2,2878,2178,0.44,0.46,0.48,0.44,,,,,,577.18
2026-03-31,2026-04-02,590,call,QQQ260402C00590000,2,10870,18307,0.34,0.355,0.37,0.34,,,,,,577.18
2026-03-31,2026-04-02,591,call,QQQ260402C00591000,2,1969,1718,0.26,0.275,0.29,0.26,,,,,,577.18
2026-03-31,2026-04-02,592,call,QQQ260402C00592000,2,1330,1115,0.2,0.21,0.22,0.2,,,,,,577.18
2026-03-31,2026-04-02,593,call,QQQ260402C00593000,2,2360,1242,0.15,0.165,0.18,0.17,,,,,,577.18
2026-03-31,2026-04-02,594,call,QQQ260402C00594000,2,1067,564,0.12,0.135,0.15,0.13,,,,,,577.18
2026-03-31,2026-04-02,595,call,QQQ260402C00595000,2,5349,3393,0.1,0.11,0.12,0.09,,,,,,577.18
2026-03-31,2026-04-02,596,call,QQQ260402C00596000,2,1395,262,0.08,0.09,0.1,0.09,,,,,,577.18
2026-03-31,2026-04-02,597,call,QQQ260402C00597000,2,3655,2492,0.06,0.07,0.08,0.09,,,,,,577.18
2026-03-31,2026-04-02,598,call,QQQ260402C00598000,2,1496,698,0.05,0.06,0.07,0.08,,,,,,577.18
2026-03-31,2026-04-02,599,call,QQQ260402C00599000,2,1486,178,0.04,0.05,0.06,0.06,,,,,,577.18
2026-03-31,2026-04-02,600,call,QQQ260402C00600000,2,29859,10435,0.04,0.045,0.05,0.04,,,,,,577.18
2026-03-31,2026-04-02,601,call,QQQ260402C00601000,2,2741,899,0.03,0.04,0.05,0.05,,,,,,577.18
2026-03-31,2026-04-02,602,call,QQQ260402C00602000,2,1345,278,0.03,0.035,0.04,0.04,,,,,,577.18
2026-03-31,2026-04-02,603,call,QQQ260402C00603000,2,976,108,0.02,0.03,0.04,0.04,,,,,,577.18
2026-03-31,2026-04-02,604,call,QQQ260402C00604000,2,1781,320,0.02,0.03,0.04,0.03,,,,,,577.18
2026-03-31,2026-04-02,605,call,QQQ260402C00605000,2,4360,450,0.02,0.025,0.03,0.03,,,,,,577.18
2026-03-31,2026-04-02,606,call,QQQ260402C00606000,2,689,332,0.01,0.02,0.03,0.04,,,,,,577.18
2026-03-31,2026-04-02,607,call,QQQ260402C00607000,2,1353,1789,0.01,0.02,0.03,0.03,,,,,,577.18
2026-03-31,2026-04-02,608,call,QQQ260402C00608000,2,1241,202,0.01,0.02,0.03,0.04,,,,,,577.18
2026-03-31,2026-04-02,609,call,QQQ260402C00609000,2,1688,158,0.01,0.02,0.03,0.03,,,,,,577.18
2026-03-31,2026-04-02,610,call,QQQ260402C00610000,2,6890,956,0.01,0.02,0.03,0.02,,,,,,577.18
2026-03-31,2026-04-02,544,put,QQQ260402P00544000,2,310,364,0.09,0.1,0.11,0.09,,,,,,577.18
2026-03-31,2026-04-02,545,put,QQQ260402P00545000,2,14676,12694,0.11,0.115,0.12,0.11,,,,,,577.18
2026-03-31,2026-04-02,546,put,QQQ260402P00546000,2,547,466,0.12,0.125,0.13,0.13,,,,,,577.18
2026-03-31,2026-04-02,547,put,QQQ260402P00547000,2,450,850,0.13,0.135,0.14,0.15,,,,,,577.18
2026-03-31,2026-04-02,548,put,QQQ260402P00548000,2,767,913,0.15,0.155,0.16,0.15,,,,,,577.18
2026-03-31,2026-04-02,549,put,QQQ260402P00549000,2,466,1796,0.17,0.175,0.18,0.18,,,,,,577.18
2026-03-31,2026-04-02,550,put,QQQ260402P00550000,2,16214,20485,0.18,0.19,0.2,0.2,,,,,,577.18
2026-03-31,2026-04-02,551,put,QQQ260402P00551000,2,2039,2054,0.21,0.22,0.23,0.23,,,,,,577.18
2026-03-31,2026-04-02,552,put,QQQ260402P00552000,2,1754,1844,0.23,0.24,0.25,0.25,,,,,,577.18
2026-03-31,2026-04-02,553,put,QQQ260402P00553000,2,1164,3633,0.26,0.275,0.29,0.29,,,,,,577.18
2026-03-31,2026-04-02,554,put,QQQ260402P00554000,2,1167,1201,0.3,0.315,0.33,0.31,,,,,,577.18
2026-03-31,2026-04-02,555,put,QQQ260402P00555000,2,19838,8238,0.35,0.36,0.37,0.36,,,,,,577.18
2026-03-31,2026-04-02,556,put,QQQ260402P00556000,2,2029,1912,0.39,0.405,0.42,0.42,,,,,,577.18
2026-03-31,2026-04-02,557,put,QQQ260402P00557000,2,1383,3309,0.44,0.46,0.48,0.48,,,,,,577.18
2026-03-31,2026-04-02,558,put,QQQ260402P00558000,2,1704,4162,0.51,0.525,0.54,0.54,,,,,,577.18
2026-03-31,2026-04-02,559,put,QQQ260402P00559000,2,1920,3972,0.57,0.59,0.61,0.59,,,,,,577.18
2026-03-31,2026-04-02,560,put,QQQ260402P00560000,2,10235,30548,0.66,0.675,0.69,0.67,,,,,,577.18
2026-03-31,2026-04-02,561,put,QQQ260402P00561000,2,896,4170,0.74,0.76,0.78,0.79,,,,,,577.18
2026-03-31,2026-04-02,562,put,QQQ260402P00562000,2,1780,3781,0.84,0.855,0.87,0.91,,,,,,577.18
2026-03-31,2026-04-02,563,put,QQQ260402P00563000,2,1959,5712,0.95,0.965,0.98,0.96,,,,,,577.18
2026-03-31,2026-04-02,564,put,QQQ260402P00564000,2,1558,10709,1.08,1.095,1.11,1.12,,,,,,577.18
2026-03-31,2026-04-02,565,put,QQQ260402P00565000,2,10328,30200,1.2,1.22,1.24,1.29,,,,,,577.18
2026-03-31,2026-04-02,566,put,QQQ260402P00566000,2,1022,8214,1.35,1.375,1.4,1.44,,,,,,577.18
2026-03-31,2026-04-02,567,put,QQQ260402P00567000,2,1312,17094,1.52,1.545,1.57,1.61,,,,,,577.18
2026-03-31,2026-04-02,568,put,QQQ260402P00568000,2,1191,19817,1.7,1.725,1.75,1.81,,,,,,577.18
2026-03-31,2026-04-02,569,put,QQQ260402P00569000,2,2261,6056,1.9,1.93,1.96,1.95,,,,,,577.18
2026-03-31,2026-04-02,570,put,QQQ260402P00570000,2,7161,21580,2.14,2.165,2.19,2.15,,,,,,577.18
2026-03-31,2026-04-02,571,put,QQQ260402P00571000,2,590,2013,2.38,2.405,2.43,2.48,,,,,,577.18
2026-03-31,2026-04-02,572,put,QQQ260402P00572000,2,761,5868,2.65,2.68,2.71,2.65,,,,,,577.18
2026-03-31,2026-04-02,573,put,QQQ260402P00573000,2,1633,6207,2.95,2.98,3.01,3.13,,,,,,577.18
2026-03-31,2026-04-02,574,put,QQQ260402P00574000,2,1100,8325,3.28,3.31,3.34,3.45,,,,,,577.18
2026-03-31,2026-04-02,575,put,QQQ260402P00575000,2,4324,14866,3.64,3.67,3.7,3.63,,,,,,577.18
2026-03-31,2026-04-02,576,put,QQQ260402P00576000,2,442,11414,4.03,4.06,4.09,4.05,,,,,,577.18
2026-03-31,2026-04-02,577,put,QQQ260402P00577000,2,469,3222,4.45,4.48,4.51,4.56,,,,,,577.18
2026-03-31,2026-04-02,578,put,QQQ260402P00578000,2,583,1387,4.91,4.945,4.98,5.05,,,,,,577.18
2026-03-31,2026-04-02,579,put,QQQ260402P00579000,2,494,629,5.4,5.445,5.49,5.5,,,,,,577.18
2026-03-31,2026-04-02,580,put,QQQ260402P00580000,2,13255,9369,5.95,5.995,6.04,6.0,,,,,,577.18
2026-03-31,2026-04-02,581,put,QQQ260402P00581000,2,547,377,6.51,6.565,6.62,6.54,,,,,,577.18
2026-03-31,2026-04-02,582,put,QQQ260402P00582000,2,434,776,7.14,7.2,7.26,7.53,,,,,,577.18
2026-03-31,2026-04-02,583,put,QQQ260402P00583000,2,722,260,7.6,8.295,8.99,6.99,,,,,,577.18
2026-03-31,2026-04-02,584,put,QQQ260402P00584000,2,681,58,7.04,8.43,9.82,8.25,,,,,,577.18
2026-03-31,2026-04-02,585,put,QQQ260402P00585000,2,3432,827,8.35,9.05,9.75,9.56,,,,,,577.18
2026-03-31,2026-04-02,586,put,QQQ260402P00586000,2,1109,119,8.55,9.91,11.27,8.89,,,,,,577.18
2026-03-31,2026-04-02,587,put,QQQ260402P00587000,2,507,77,9.39,10.735,12.08,11.0,,,,,,577.18
2026-03-31,2026-04-02,588,put,QQQ260402P00588000,2,1363,114,10.28,11.63,12.98,11.14,,,,,,577.18
2026-03-31,2026-04-02,589,put,QQQ260402P00589000,2,628,256,11.19,12.52,13.85,11.72,,,,,,577.18
2026-03-31,2026-04-02,590,put,QQQ260402P00590000,2,216,165,12.77,13.755,14.74,13.2,,,,,,577.18
2026-03-31,2026-04-02,591,put,QQQ260402P00591000,2,84,14,13.07,14.365,15.66,15.03,,,,,,577.18
2026-03-31,2026-04-02,592,put,QQQ260402P00592000,2,340,32,14.03,15.315,16.6,15.09,,,,,,577.18
2026-03-31,2026-04-02,593,put,QQQ260402P00593000,2,950,55,15.04,16.28,17.52,15.64,,,,,,577.18
2026-03-31,2026-04-02,594,put,QQQ260402P00594000,2,58,4,15.98,17.25,18.52,26.34,,,,,,577.18
2026-03-31,2026-04-02,595,put,QQQ260402P00595000,2,72,32,17.64,18.575,19.51,20.0,,,,,,577.18
2026-03-31,2026-04-02,596,put,QQQ260402P00596000,2,11,11,18.57,19.55,20.53,27.3,,,,,,577.18
2026-03-31,2026-04-02,597,put,QQQ260402P00597000,2,374,119,18.99,19.995,21.0,21.66,,,,,,577.18
2026-03-31,2026-04-02,598,put,QQQ260402P00598000,2,18,1,20.13,21.28,22.43,31.5,,,,,,577.18
2026-03-31,2026-04-02,599,put,QQQ260402P00599000,2,65,1,21.13,22.265,23.4,22.48,,,,,,577.18
2026-03-31,2026-04-02,600,put,QQQ260402P00600000,2,125,29,22.76,23.55,24.34,22.42,,,,,,577.18
2026-03-31,2026-04-02,601,put,QQQ260402P00601000,2,14,0,23.41,24.205,25.0,43.5,,,,,,577.18
2026-03-31,2026-04-02,602,put,QQQ260402P00602000,2,44,1,24.75,25.535,26.32,25.54,,,,,,577.18
2026-03-31,2026-04-02,603,put,QQQ260402P00603000,2,8,0,25.4,26.375,27.35,42.55,,,,,,577.18
2026-03-31,2026-04-02,604,put,QQQ260402P00604000,2,0,0,26.68,27.5,28.32,39.7,,,,,,577.18
2026-03-31,2026-04-02,605,put,QQQ260402P00605000,2,40,8,27.17,28.255,29.34,27.9,,,,,,577.18
2026-03-31,2026-04-02,606,put,QQQ260402P00606000,2,0,0,27.7,29.355,31.01,39.37,,,,,,577.18
2026-03-31,2026-04-02,607,put,QQQ260402P00607000,2,0,0,28.7,30.355,32.01,49.61,,,,,,577.18
2026-03-31,2026-04-02,608,put,QQQ260402P00608000,2,2,0,29.7,31.355,33.01,38.01,,,,,,577.18
2026-03-31,2026-04-02,609,put,QQQ260402P00609000,2,0,0,30.7,32.34,33.98,52.57,,,,,,577.18
2026-03-31,2026-04-02,610,put,QQQ260402P00610000,2,10,6,31.7,33.355,35.01,43.25,,,,,,577.18
2026-03-31,2026-04-10,545,call,QQQ260410C00545000,10,237,77,33.68,34.73,35.78,34.9,,,,,,577.18
2026-03-31,2026-04-10,550,call,QQQ260410C00550000,10,284,226,29.26,30.315,31.37,30.66,,,,,,577.18
2026-03-31,2026-04-10,551,call,QQQ260410C00551000,10,1,0,28.38,29.59,30.8,35.93,,,,,,577.18
2026-03-31,2026-04-10,552,call,QQQ260410C00552000,10,5,3,27.5,28.725,29.95,27.46,,,,,,577.18
2026-03-31,2026-04-10,553,call,QQQ260410C00553000,10,42,8,26.7,27.865,29.03,27.46,,,,,,577.18
2026-03-31,2026-04-10,554,call,QQQ260410C00554000,10,5,6,25.82,26.625,27.43,25.22,,,,,,577.18
2026-03-31,2026-04-10,555,call,QQQ260410C00555000,10,352,238,25.02,26.05,27.08,25.56,,,,,,577.18
2026-03-31,2026-04-10,556,call,QQQ260410C00556000,10,126,104,24.15,25.215,26.28,24.82,,,,,,577.18
2026-03-31,2026-04-10,557,call,QQQ260410C00557000,10,165,134,23.34,24.37,25.4,24.18,,,,,,577.18
2026-03-31,2026-04-10,558,call,QQQ260410C00558000,10,119,81,22.53,23.73,24.93,24.12,,,,,,577.18
2026-03-31,2026-04-10,559,call,QQQ260410C00559000,10,61,24,21.73,22.92,24.11,21.03,,,,,,577.18
2026-03-31,2026-04-10,560,call,QQQ260410C00560000,10,468,404,21.21,21.98,22.75,22.16,,,,,,577.18
2026-03-31,2026-04-10,561,call,QQQ260410C00561000,10,731,37,20.18,21.34,22.5,14.96,,,,,,577.18
2026-03-31,2026-04-10,562,call,QQQ260410C00562000,10,106,28,19.41,20.575,21.74,20.1,,,,,,577.18
2026-03-31,2026-04-10,563,call,QQQ260410C00563000,10,2846,73,18.62,19.755,20.89,19.86,,,,,,577.18
2026-03-31,2026-04-10,564,call,QQQ260410C00564000,10,425,32,17.89,18.71,19.53,17.82,,,,,,577.18
2026-03-31,2026-04-10,565,call,QQQ260410C00565000,10,1294,2913,17.16,17.79,18.42,19.0,,,,,,577.18
2026-03-31,2026-04-10,566,call,QQQ260410C00566000,10,265,262,16.42,17.56,18.7,16.9,,,,,,577.18
2026-03-31,2026-04-10,567,call,QQQ260410C00567000,10,232,304,15.69,16.44,17.19,16.25,,,,,,577.18
2026-03-31,2026-04-10,568,call,QQQ260410C00568000,10,1314,4244,14.98,15.86,16.74,16.0,,,,,,577.18
2026-03-31,2026-04-10,569,call,QQQ260410C00569000,10,377,3330,14.28,15.37,16.46,15.46,,,,,,577.18
2026-03-31,2026-04-10,570,call,QQQ260410C00570000,10,1801,1384,13.62,14.195,14.77,14.47,,,,,,577.18
2026-03-31,2026-04-10,571,call,QQQ260410C00571000,10,174,162,12.92,13.75,14.58,13.25,,,,,,577.18
2026-03-31,2026-04-10,572,call,QQQ260410C00572000,10,246,84,12.61,13.22,13.83,13.29,,,,,,577.18
2026-03-31,2026-04-10,573,call,QQQ260410C00573000,10,109,394,11.61,12.45,13.29,12.2,,,,,,577.18
2026-03-31,2026-04-10,574,call,QQQ260410C00574000,10,99,1902,11.03,11.46,11.89,11.55,,,,,,577.18
2026-03-31,2026-04-10,575,call,QQQ260410C00575000,10,1854,5571,10.86,10.905,10.95,11.11,,,,,,577.18
2026-03-31,2026-04-10,576,call,QQQ260410C00576000,10,239,1212,10.26,10.315,10.37,10.72,,,,,,577.18
2026-03-31,2026-04-10,577,call,QQQ260410C00577000,10,173,327,9.66,9.715,9.77,10.01,,,,,,577.18
2026-03-31,2026-04-10,578,call,QQQ260410C00578000,10,646,646,9.08,9.135,9.19,9.15,,,,,,577.18
2026-03-31,2026-04-10,579,call,QQQ260410C00579000,10,189,95,8.52,8.57,8.62,8.33,,,,,,577.18
2026-03-31,2026-04-10,580,call,QQQ260410C00580000,10,1832,2907,7.97,8.015,8.06,7.85,,,,,,577.18
2026-03-31,2026-04-10,581,call,QQQ260410C00581000,10,420,404,7.44,7.485,7.53,7.79,,,,,,577.18
2026-03-31,2026-04-10,582,call,QQQ260410C00582000,10,442,294,6.92,6.97,7.02,7.23,,,,,,577.18
2026-03-31,2026-04-10,583,call,QQQ260410C00583000,10,309,178,6.43,6.475,6.52,6.67,,,,,,577.18
2026-03-31,2026-04-10,584,call,QQQ260410C00584000,10,1532,462,5.95,6.0,6.05,6.27,,,,,,577.18
2026-03-31,2026-04-10,585,call,QQQ260410C00585000,10,1760,2915,5.49,5.53,5.57,5.44,,,,,,577.18
2026-03-31,2026-04-10,586,call,QQQ260410C00586000,10,575,332,5.05,5.095,5.14,5.21,,,,,,577.18
2026-03-31,2026-04-10,587,call,QQQ260410C00587000,10,414,424,4.64,4.68,4.72,5.0,,,,,,577.18
2026-03-31,2026-04-10,588,call,QQQ260410C00588000,10,523,259,4.24,4.28,4.32,4.19,,,,,,577.18
2026-03-31,2026-04-10,589,call,QQQ260410C00589000,10,459,374,3.84,3.885,3.93,4.15,,,,,,577.18
2026-03-31,2026-04-10,590,call,QQQ260410C00590000,10,3359,5000,3.5,3.535,3.57,3.64,,,,,,577.18
2026-03-31,2026-04-10,591,call,QQQ260410C00591000,10,700,432,3.15,3.19,3.23,3.38,,,,,,577.18
2026-03-31,2026-04-10,592,call,QQQ260410C00592000,10,1310,658,2.84,2.88,2.92,3.17,,,,,,577.18
2026-03-31,2026-04-10,593,call,QQQ260410C00593000,10,712,810,2.55,2.58,2.61,2.64,,,,,,577.18
2026-03-31,2026-04-10,594,call,QQQ260410C00594000,10,615,644,2.28,2.31,2.34,2.6,,,,,,577.18
2026-03-31,2026-04-10,595,call,QQQ260410C00595000,10,6308,5699,2.02,2.05,2.08,2.03,,,,,,577.18
2026-03-31,2026-04-10,596,call,QQQ260410C00596000,10,1004,282,1.78,1.81,1.84,1.88,,,,,,577.18
2026-03-31,2026-04-10,597,call,QQQ260410C00597000,10,945,295,1.57,1.6,1.63,1.8,,,,,,577.18
2026-03-31,2026-04-10,598,call,QQQ260410C00598000,10,1363,395,1.37,1.4,1.43,1.5,,,,,,577.18
2026-03-31,2026-04-10,599,call,QQQ260410C00599000,10,499,518,1.2,1.225,1.25,1.55,,,,,,577.18
2026-03-31,2026-04-10,600,call,QQQ260410C00600000,10,5292,3689,1.04,1.06,1.08,1.02,,,,,,577.18
2026-03-31,2026-04-10,601,call,QQQ260410C00601000,10,363,659,0.89,0.915,0.94,1.02,,,,,,577.18
2026-03-31,2026-04-10,602,call,QQQ260410C00602000,10,828,428,0.77,0.79,0.81,0.85,,,,,,577.18
2026-03-31,2026-04-10,603,call,QQQ260410C00603000,10,705,375,0.66,0.68,0.7,0.74,,,,,,577.18
2026-03-31,2026-04-10,604,call,QQQ260410C00604000,10,339,205,0.56,0.585,0.61,0.57,,,,,,577.18
2026-03-31,2026-04-10,605,call,QQQ260410C00605000,10,4013,1872,0.48,0.49,0.5,0.58,,,,,,577.18
2026-03-31,2026-04-10,606,call,QQQ260410C00606000,10,898,255,0.4,0.42,0.44,0.48,,,,,,577.18
2026-03-31,2026-04-10,607,call,QQQ260410C00607000,10,1296,702,0.34,0.355,0.37,0.39,,,,,,577.18
2026-03-31,2026-04-10,608,call,QQQ260410C00608000,10,6790,1201,0.29,0.305,0.32,0.42,,,,,,577.18
2026-03-31,2026-04-10,609,call,QQQ260410C00609000,10,974,404,0.24,0.26,0.28,0.29,,,,,,577.18
2026-03-31,2026-04-10,610,call,QQQ260410C00610000,10,3548,1968,0.2,0.22,0.24,0.24,,,,,,577.18
2026-03-31,2026-04-10,545,put,QQQ260410P00545000,10,8530,5921,2.02,2.05,2.08,2.07,,,,,,577.18
2026-03-31,2026-04-10,550,put,QQQ260410P00550000,10,7491,6384,2.6,2.63,2.66,2.58,,,,,,577.18
2026-03-31,2026-04-10,551,put,QQQ260410P00551000,10,278,539,2.73,2.765,2.8,2.79,,,,,,577.18
2026-03-31,2026-04-10,552,put,QQQ260410P00552000,10,249,136,2.87,2.905,2.94,2.97,,,,,,577.18
2026-03-31,2026-04-10,553,put,QQQ260410P00553000,10,907,265,3.01,3.05,3.09,2.72,,,,,,577.18
2026-03-31,2026-04-10,554,put,QQQ260410P00554000,10,126,44,3.17,3.205,3.24,3.33,,,,,,577.18
2026-03-31,2026-04-10,555,put,QQQ260410P00555000,10,3332,4217,3.33,3.365,3.4,3.26,,,,,,577.18
2026-03-31,2026-04-10,556,put,QQQ260410P00556000,10,275,112,3.5,3.535,3.57,3.57,,,,,,577.18
2026-03-31,2026-04-10,557,put,QQQ260410P00557000,10,923,459,3.68,3.715,3.75,3.55,,,,,,577.18
2026-03-31,2026-04-10,558,put,QQQ260410P00558000,10,278,998,3.86,3.9,3.94,3.92,,,,,,577.18
2026-03-31,2026-04-10,559,put,QQQ260410P00559000,10,632,375,4.06,4.1,4.14,4.1,,,,,,577.18
2026-03-31,2026-04-10,560,put,QQQ260410P00560000,10,2333,5793,4.26,4.3,4.34,4.26,,,,,,577.18
2026-03-31,2026-04-10,561,put,QQQ260410P00561000,10,900,489,4.47,4.51,4.55,4.55,,,,,,577.18
2026-03-31,2026-04-10,562,put,QQQ260410P00562000,10,385,360,4.7,4.74,4.78,4.57,,,,,,577.18
2026-03-31,2026-04-10,563,put,QQQ260410P00563000,10,744,265,4.93,4.97,5.01,5.0,,,,,,577.18
2026-03-31,2026-04-10,564,put,QQQ260410P00564000,10,849,734,5.17,5.21,5.25,5.04,,,,,,577.18
2026-03-31,2026-04-10,565,put,QQQ260410P00565000,10,2784,6013,5.43,5.47,5.51,5.4,,,,,,577.18
2026-03-31,2026-04-10,566,put,QQQ260410P00566000,10,261,3053,5.68,5.725,5.77,5.48,,,,,,577.18
2026-03-31,2026-04-10,567,put,QQQ260410P00567000,10,532,2801,5.96,6.005,6.05,5.79,,,,,,577.18
2026-03-31,2026-04-10,568,put,QQQ260410P00568000,10,1211,4939,6.24,6.285,6.33,6.13,,,,,,577.18
2026-03-31,2026-04-10,569,put,QQQ260410P00569000,10,200,1483,6.53,6.58,6.63,6.69,,,,,,577.18
2026-03-31,2026-04-10,570,put,QQQ260410P00570000,10,2675,3506,6.85,6.9,6.95,6.9,,,,,,577.18
2026-03-31,2026-04-10,571,put,QQQ260410P00571000,10,407,227,7.16,7.21,7.26,7.36,,,,,,577.18
2026-03-31,2026-04-10,572,put,QQQ260410P00572000,10,337,651,7.5,7.55,7.6,7.63,,,,,,577.18
2026-03-31,2026-04-10,573,put,QQQ260410P00573000,10,166,1513,7.85,7.9,7.95,7.96,,,,,,577.18
2026-03-31,2026-04-10,574,put,QQQ260410P00574000,10,103,899,8.21,8.26,8.31,8.37,,,,,,577.18
2026-03-31,2026-04-10,575,put,QQQ260410P00575000,10,2106,3138,8.57,8.625,8.68,8.81,,,,,,577.18
2026-03-31,2026-04-10,576,put,QQQ260410P00576000,10,340,893,8.98,9.03,9.08,9.04,,,,,,577.18
2026-03-31,2026-04-10,577,put,QQQ260410P00577000,10,289,263,9.38,9.435,9.49,9.3,,,,,,577.18
2026-03-31,2026-04-10,578,put,QQQ260410P00578000,10,344,216,9.81,9.86,9.91,9.86,,,,,,577.18
2026-03-31,2026-04-10,579,put,QQQ260410P00579000,10,191,67,10.23,10.29,10.35,9.98,,,,,,577.18
2026-03-31,2026-04-10,580,put,QQQ260410P00580000,10,12955,8953,10.71,10.76,10.81,10.7,,,,,,577.18
2026-03-31,2026-04-10,581,put,QQQ260410P00581000,10,439,28,10.69,11.465,12.24,10.87,,,,,,577.18
2026-03-31,2026-04-10,582,put,QQQ260410P00582000,10,322,151,11.17,11.88,12.59,11.2,,,,,,577.18
2026-03-31,2026-04-10,583,put,QQQ260410P00583000,10,284,23,11.67,12.465,13.26,11.84,,,,,,577.18
2026-03-31,2026-04-10,584,put,QQQ260410P00584000,10,437,5,12.69,13.355,14.02,13.03,,,,,,577.18
2026-03-31,2026-04-10,585,put,QQQ260410P00585000,10,1645,798,12.95,13.31,13.67,13.41,,,,,,577.18
2026-03-31,2026-04-10,586,put,QQQ260410P00586000,10,247,49,13.28,14.305,15.33,13.2,,,,,,577.18
2026-03-31,2026-04-10,587,put,QQQ260410P00587000,10,608,551,13.93,14.395,14.86,14.63,,,,,,577.18
2026-03-31,2026-04-10,588,put,QQQ260410P00588000,10,421,8,14.47,15.395,16.32,22.0,,,,,,577.18
2026-03-31,2026-04-10,589,put,QQQ260410P00589000,10,318,53,15.35,16.105,16.86,15.33,,,,,,577.18
2026-03-31,2026-04-10,590,put,QQQ260410P00590000,10,9783,1548,16.06,16.49,16.92,16.45,,,,,,577.18
2026-03-31,2026-04-10,591,put,QQQ260410P00591000,10,510,45,16.73,17.42,18.11,18.11,,,,,,577.18
2026-03-31,2026-04-10,592,put,QQQ260410P00592000,10,775,16,17.37,18.195,19.02,18.76,,,,,,577.18
2026-03-31,2026-04-10,593,put,QQQ260410P00593000,10,518,16,18.09,18.795,19.5,17.85,,,,,,577.18
2026-03-31,2026-04-10,594,put,QQQ260410P00594000,10,337,22,18.55,19.375,20.2,21.66,,,,,,577.18
2026-03-31,2026-04-10,595,put,QQQ260410P00595000,10,2253,54,19.29,20.13,20.97,19.84,,,,,,577.18
2026-03-31,2026-04-10,596,put,QQQ260410P00596000,10,175,10,20.08,21.045,22.01,19.46,,,,,,577.18
2026-03-31,2026-04-10,597,put,QQQ260410P00597000,10,454,8,20.89,21.865,22.84,21.27,,,,,,577.18
2026-03-31,2026-04-10,598,put,QQQ260410P00598000,10,502,7,21.69,22.58,23.47,22.33,,,,,,577.18
2026-03-31,2026-04-10,599,put,QQQ260410P00599000,10,567,29,22.5,23.385,24.27,21.86,,,,,,577.18
2026-03-31,2026-04-10,600,put,QQQ260410P00600000,10,4729,150,23.6,24.445,25.29,24.0,,,,,,577.18
2026-03-31,2026-04-10,601,put,QQQ260410P00601000,10,375,1,22.96,24.56,26.16,36.11,,,,,,577.18
2026-03-31,2026-04-10,602,put,QQQ260410P00602000,10,185,7,23.93,25.575,27.22,29.0,,,,,,577.18
2026-03-31,2026-04-10,603,put,QQQ260410P00603000,10,34,0,26.08,27.11,28.14,45.2,,,,,,577.18
2026-03-31,2026-04-10,604,put,QQQ260410P00604000,10,27,8,25.86,27.435,29.01,30.16,,,,,,577.18
2026-03-31,2026-04-10,605,put,QQQ260410P00605000,10,19,11,26.8,28.37,29.94,28.35,,,,,,577.18
2026-03-31,2026-04-10,606,put,QQQ260410P00606000,10,17,0,27.76,29.4,31.04,41.44,,,,,,577.18
2026-03-31,2026-04-10,607,put,QQQ260410P00607000,10,23,10,28.73,30.365,32.0,32.54,,,,,,577.18
2026-03-31,2026-04-10,608,put,QQQ260410P00608000,10,3,1,29.72,31.38,33.04,32.43,,,,,,577.18
2026-03-31,2026-04-10,609,put,QQQ260410P00609000,10,1,0,30.85,32.435,34.02,47.14,,,,,,577.18
2026-03-31,2026-04-10,610,put,QQQ260410P00610000,10,100,154,31.84,33.425,35.01,35.0,,,,,,577.18
2026-03-31,2026-04-30,545,call,QQQ260430C00545000,30,54,103,39.87,40.27,40.67,35.16,,,,,,577.18
2026-03-31,2026-04-30,550,call,QQQ260430C00550000,30,67,69,36.21,36.37,36.53,37.26,,,,,,577.18
2026-03-31,2026-04-30,555,call,QQQ260430C00555000,30,67,49,32.33,32.49,32.65,31.86,,,,,,577.18
2026-03-31,2026-04-30,560,call,QQQ260430C00560000,30,172,604,28.6,28.74,28.88,28.81,,,,,,577.18
2026-03-31,2026-04-30,561,call,QQQ260430C00561000,30,29,4,27.81,28.005,28.2,25.5,,,,,,577.18
2026-03-31,2026-04-30,562,call,QQQ260430C00562000,30,98,10,27.1,27.29,27.48,27.18,,,,,,577.18
2026-03-31,2026-04-30,563,call,QQQ260430C00563000,30,80,22,26.39,26.58,26.77,26.3,,,,,,577.18
2026-03-31,2026-04-30,564,call,QQQ260430C00564000,30,275,139,25.68,25.87,26.06,25.95,,,,,,577.18
2026-03-31,2026-04-30,565,call,QQQ260430C00565000,30,1216,947,25.03,25.165,25.3,25.33,,,,,,577.18
2026-03-31,2026-04-30,566,call,QQQ260430C00566000,30,45,24,24.29,24.48,24.67,24.75,,,,,,577.18
2026-03-31,2026-04-30,567,call,QQQ260430C00567000,30,49,56,23.6,23.79,23.98,22.0,,,,,,577.18
2026-03-31,2026-04-30,568,call,QQQ260430C00568000,30,79,313,22.92,23.11,23.3,23.64,,,,,,577.18
2026-03-31,2026-04-30,569,call,QQQ260430C00569000,30,42,80,22.25,22.44,22.63,21.47,,,,,,577.18
2026-03-31,2026-04-30,570,call,QQQ260430C00570000,30,451,508,21.61,21.785,21.96,21.6,,,,,,577.18
2026-03-31,2026-04-30,571,call,QQQ260430C00571000,30,18,17,20.95,21.13,21.31,21.74,,,,,,577.18
2026-03-31,2026-04-30,572,call,QQQ260430C00572000,30,49,92,20.27,20.465,20.66,20.94,,,,,,577.18
2026-03-31,2026-04-30,573,call,QQQ260430C00573000,30,677,848,19.64,19.82,20.0,18.13,,,,,,577.18
2026-03-31,2026-04-30,574,call,QQQ260430C00574000,30,31,24,19.03,19.185,19.34,19.5,,,,,,577.18
2026-03-31,2026-04-30,575,call,QQQ260430C00575000,30,979,382,18.4,18.545,18.69,18.87,,,,,,577.18
2026-03-31,2026-04-30,576,call,QQQ260430C00576000,30,123,67,17.75,17.945,18.14,17.76,,,,,,577.18
2026-03-31,2026-04-30,577,call,QQQ260430C00577000,30,803,269,17.14,17.335,17.53,17.11,,,,,,577.18
2026-03-31,2026-04-30,578,call,QQQ260430C00578000,30,445,84,16.57,16.75,16.93,17.22,,,,,,577.18
2026-03-31,2026-04-30,579,call,QQQ260430C00579000,30,69,39,16.05,16.135,16.22,16.17,,,,,,577.18
2026-03-31,2026-04-30,580,call,QQQ260430C00580000,30,575,547,15.48,15.555,15.63,15.41,,,,,,577.18
2026-03-31,2026-04-30,581,call,QQQ260430C00581000,30,86,36,14.89,14.975,15.06,15.35,,,,,,577.18
2026-03-31,2026-04-30,582,call,QQQ260430C00582000,30,180,69,14.33,14.415,14.5,14.89,,,,,,577.18
2026-03-31,2026-04-30,583,call,QQQ260430C00583000,30,76,51,13.78,13.865,13.95,13.96,,,,,,577.18
2026-03-31,2026-04-30,584,call,QQQ260430C00584000,30,73,22,13.23,13.31,13.39,13.47,,,,,,577.18
2026-03-31,2026-04-30,585,call,QQQ260430C00585000,30,668,724,12.72,12.785,12.85,13.06,,,,,,577.18
2026-03-31,2026-04-30,586,call,QQQ260430C00586000,30,171,33,12.17,12.25,12.33,12.14,,,,,,577.18
2026-03-31,2026-04-30,587,call,QQQ260430C00587000,30,187,220,11.66,11.735,11.81,11.84,,,,,,577.18
2026-03-31,2026-04-30,588,call,QQQ260430C00588000,30,187,44,11.16,11.235,11.31,11.3,,,,,,577.18
2026-03-31,2026-04-30,589,call,QQQ260430C00589000,30,317,182,10.66,10.735,10.81,10.66,,,,,,577.18
2026-03-31,2026-04-30,590,call,QQQ260430C00590000,30,1490,7288,10.17,10.245,10.32,10.46,,,,,,577.18
2026-03-31,2026-04-30,591,call,QQQ260430C00591000,30,119,154,9.7,9.775,9.85,9.71,,,,,,577.18
2026-03-31,2026-04-30,592,call,QQQ260430C00592000,30,88,155,9.25,9.32,9.39,9.0,,,,,,577.18
2026-03-31,2026-04-30,593,call,QQQ260430C00593000,30,205,41,8.79,8.865,8.94,9.11,,,,,,577.18
2026-03-31,2026-04-30,594,call,QQQ260430C00594000,30,752,68,8.35,8.425,8.5,8.67,,,,,,577.18
2026-03-31,2026-04-30,595,call,QQQ260430C00595000,30,1342,9391,7.94,8.005,8.07,8.06,,,,,,577.18
2026-03-31,2026-04-30,596,call,QQQ260430C00596000,30,392,41,7.51,7.585,7.66,7.97,,,,,,577.18
2026-03-31,2026-04-30,597,call,QQQ260430C00597000,30,447,37,7.12,7.19,7.26,7.4,,,,,,577.18
2026-03-31,2026-04-30,598,call,QQQ260430C00598000,30,314,29,6.73,6.8,6.87,6.93,,,,,,577.18
2026-03-31,2026-04-30,599,call,QQQ260430C00599000,30,199,38,6.36,6.425,6.49,6.55,,,,,,577.18
2026-03-31,2026-04-30,600,call,QQQ260430C00600000,30,6701,1491,6.0,6.06,6.12,6.11,,,,,,577.18
2026-03-31,2026-04-30,601,call,QQQ260430C00601000,30,384,88,5.64,5.705,5.77,5.55,,,,,,577.18
2026-03-31,2026-04-30,602,call,QQQ260430C00602000,30,260,38,5.3,5.365,5.43,5.35,,,,,,577.18
2026-03-31,2026-04-30,603,call,QQQ260430C00603000,30,395,47,4.98,5.045,5.11,5.07,,,,,,577.18
2026-03-31,2026-04-30,604,call,QQQ260430C00604000,30,232,68,4.67,4.735,4.8,4.91,,,,,,577.18
2026-03-31,2026-04-30,605,call,QQQ260430C00605000,30,1713,383,4.38,4.44,4.5,4.42,,,,,,577.18
2026-03-31,2026-04-30,606,call,QQQ260430C00606000,30,210,259,4.08,4.145,4.21,4.25,,,,,,577.18
2026-03-31,2026-04-30,607,call,QQQ260430C00607000,30,210,212,3.81,3.87,3.93,3.94,,,,,,577.18
2026-03-31,2026-04-30,608,call,QQQ260430C00608000,30,400,114,3.55,3.61,3.67,3.69,,,,,,577.18
2026-03-31,2026-04-30,609,call,QQQ260430C00609000,30,203,211,3.3,3.36,3.42,3.51,,,,,,577.18
2026-03-31,2026-04-30,610,call,QQQ260430C00610000,30,6069,1258,3.07,3.11,3.15,3.29,,,,,,577.18
2026-03-31,2026-04-30,545,put,QQQ260430P00545000,30,1158,1198,6.9,6.965,7.03,6.83,,,,,,577.18
2026-03-31,2026-04-30,550,put,QQQ260430P00550000,30,17674,6457,7.88,7.95,8.02,7.8,,,,,,577.18
2026-03-31,2026-04-30,555,put,QQQ260430P00555000,30,2288,3146,9.0,9.065,9.13,9.03,,,,,,577.18
2026-03-31,2026-04-30,560,put,QQQ260430P00560000,30,3148,1912,10.25,10.32,10.39,10.38,,,,,,577.18
2026-03-31,2026-04-30,561,put,QQQ260430P00561000,30,457,320,10.51,10.585,10.66,10.38,,,,,,577.18
2026-03-31,2026-04-30,562,put,QQQ260430P00562000,30,216,69,10.79,10.865,10.94,10.74,,,,,,577.18
2026-03-31,2026-04-30,563,put,QQQ260430P00563000,30,202,61,11.07,11.15,11.23,10.97,,,,,,577.18
2026-03-31,2026-04-30,564,put,QQQ260430P00564000,30,134,54,11.36,11.44,11.52,11.31,,,,,,577.18
2026-03-31,2026-04-30,565,put,QQQ260430P00565000,30,758,343,11.66,11.74,11.82,11.46,,,,,,577.18
2026-03-31,2026-04-30,566,put,QQQ260430P00566000,30,99,266,11.97,12.05,12.13,12.01,,,,,,577.18
2026-03-31,2026-04-30,567,put,QQQ260430P00567000,30,311,145,12.28,12.36,12.44,12.69,,,,,,577.18
2026-03-31,2026-04-30,568,put,QQQ260430P00568000,30,171,167,12.61,12.69,12.77,13.14,,,,,,577.18
2026-03-31,2026-04-30,569,put,QQQ260430P00569000,30,118,35,12.93,13.015,13.1,12.35,,,,,,577.18
2026-03-31,2026-04-30,570,put,QQQ260430P00570000,30,3049,2884,13.3,13.365,13.43,13.47,,,,,,577.18
2026-03-31,2026-04-30,571,put,QQQ260430P00571000,30,98,4,13.61,13.695,13.78,15.19,,,,,,577.18
2026-03-31,2026-04-30,572,put,QQQ260430P00572000,30,127,414,13.96,14.045,14.13,14.2,,,,,,577.18
2026-03-31,2026-04-30,573,put,QQQ260430P00573000,30,297,216,14.33,14.41,14.49,14.45,,,,,,577.18
2026-03-31,2026-04-30,574,put,QQQ260430P00574000,30,181,320,14.69,14.775,14.86,15.0,,,,,,577.18
2026-03-31,2026-04-30,575,put,QQQ260430P00575000,30,5375,325,15.07,15.155,15.24,15.24,,,,,,577.18
2026-03-31,2026-04-30,576,put,QQQ260430P00576000,30,169,113,15.46,15.54,15.62,15.15,,,,,,577.18
2026-03-31,2026-04-30,577,put,QQQ260430P00577000,30,422,66,15.85,15.935,16.02,15.66,,,,,,577.18
2026-03-31,2026-04-30,578,put,QQQ260430P00578000,30,502,17,16.25,16.345,16.44,15.99,,,,,,577.18
2026-03-31,2026-04-30,579,put,QQQ260430P00579000,30,155,12,16.57,16.75,16.93,16.05,,,,,,577.18
2026-03-31,2026-04-30,580,put,QQQ260430P00580000,30,2419,180,17.1,17.175,17.25,17.3,,,,,,577.18
2026-03-31,2026-04-30,581,put,QQQ260430P00581000,30,214,10,17.42,17.6,17.78,17.84,,,,,,577.18
2026-03-31,2026-04-30,582,put,QQQ260430P00582000,30,382,8,17.86,18.05,18.24,18.53,,,,,,577.18
2026-03-31,2026-04-30,583,put,QQQ260430P00583000,30,473,4,18.32,18.51,18.7,20.48,,,,,,577.18
2026-03-31,2026-04-30,584,put,QQQ260430P00584000,30,129,15,18.78,18.95,19.12,19.84,,,,,,577.18
2026-03-31,2026-04-30,585,put,QQQ260430P00585000,30,677,142,19.24,19.485,19.73,19.18,,,,,,577.18
2026-03-31,2026-04-30,586,put,QQQ260430P00586000,30,291,18,19.53,19.96,20.39,21.55,,,,,,577.18
2026-03-31,2026-04-30,587,put,QQQ260430P00587000,30,135,7,19.79,20.335,20.88,26.74,,,,,,577.18
2026-03-31,2026-04-30,588,put,QQQ260430P00588000,30,210,1,20.08,20.72,21.36,27.31,,,,,,577.18
2026-03-31,2026-04-30,589,put,QQQ260430P00589000,30,672,29,20.6,21.25,21.9,21.65,,,,,,577.18
2026-03-31,2026-04-30,590,put,QQQ260430P00590000,30,1455,58,21.35,21.815,22.28,21.66,,,,,,577.18
2026-03-31,2026-04-30,591,put,QQQ260430P00591000,30,220,2,21.84,22.425,23.01,29.55,,,,,,577.18
2026-03-31,2026-04-30,592,put,QQQ260430P00592000,30,119,5,22.52,23.04,23.56,23.46,,,,,,577.18
2026-03-31,2026-04-30,593,put,QQQ260430P00593000,30,146,3,23.03,23.575,24.12,24.67,,,,,,577.18
2026-03-31,2026-04-30,594,put,QQQ260430P00594000,30,70,1,23.65,24.16,24.67,25.6,,,,,,577.18
2026-03-31,2026-04-30,595,put,QQQ260430P00595000,30,839,56,24.45,24.825,25.2,25.03,,,,,,577.18
2026-03-31,2026-04-30,596,put,QQQ260430P00596000,30,169,4,24.81,25.33,25.85,32.88,,,,,,577.18
2026-03-31,2026-04-30,597,put,QQQ260430P00597000,30,262,5,25.07,25.775,26.48,33.38,,,,,,577.18
2026-03-31,2026-04-30,598,put,QQQ260430P00598000,30,206,2,25.69,26.395,27.1,34.18,,,,,,577.18
2026-03-31,2026-04-30,599,put,QQQ260430P00599000,30,331,61,26.32,27.015,27.71,28.99,,,,,,577.18
2026-03-31,2026-04-30,600,put,QQQ260430P00600000,30,3524,841,27.31,27.85,28.39,27.88,,,,,,577.18
2026-03-31,2026-04-30,601,put,QQQ260430P00601000,30,320,15,27.63,28.34,29.05,29.69,,,,,,577.18
2026-03-31,2026-04-30,602,put,QQQ260430P00602000,30,201,6,28.31,29.02,29.73,30.83,,,,,,577.18
2026-03-31,2026-04-30,603,put,QQQ260430P00603000,30,368,0,29.0,29.71,30.42,40.0,,,,,,577.18
2026-03-31,2026-04-30,604,put,QQQ260430P00604000,30,194,3,29.71,30.415,31.12,31.36,,,,,,577.18
2026-03-31,2026-04-30,605,put,QQQ260430P00605000,30,1210,36,30.43,31.135,31.84,30.73,,,,,,577.18
2026-03-31,2026-04-30,606,put,QQQ260430P00606000,30,179,0,31.43,31.985,32.54,48.35,,,,,,577.18
2026-03-31,2026-04-30,607,put,QQQ260430P00607000,30,231,3,31.9,32.61,33.32,39.86,,,,,,577.18
2026-03-31,2026-04-30,608,put,QQQ260430P00608000,30,155,5,32.66,33.37,34.08,40.58,,,,,,577.18
2026-03-31,2026-04-30,609,put,QQQ260430P00609000,30,210,6,33.43,34.135,34.84,35.94,,,,,,577.18
2026-03-31,2026-04-30,610,put,QQQ260430P00610000,30,840,17,34.2,34.91,35.62,35.36,,,,,,577.18
